format,algo,priority_rank,priority_reason
tf32,adamw,51,tier2_coverage_17missing_formats_adamw_muon
tf32,muon,52,tier2_coverage_17missing_formats_adamw_muon
gf8,adamw,53,tier2_coverage_17missing_formats_adamw_muon
gf8,muon,54,tier2_coverage_17missing_formats_adamw_muon
int4,adamw,55,tier2_coverage_17missing_formats_adamw_muon
int4,muon,56,tier2_coverage_17missing_formats_adamw_muon
int8,adamw,57,tier2_coverage_17missing_formats_adamw_muon
int8,muon,58,tier2_coverage_17missing_formats_adamw_muon
int16,adamw,59,tier2_coverage_17missing_formats_adamw_muon
int16,muon,60,tier2_coverage_17missing_formats_adamw_muon
int32,adamw,61,tier2_coverage_17missing_formats_adamw_muon
int32,muon,62,tier2_coverage_17missing_formats_adamw_muon
uint8,adamw,63,tier2_coverage_17missing_formats_adamw_muon
uint8,muon,64,tier2_coverage_17missing_formats_adamw_muon
nf4,adamw,65,tier2_coverage_17missing_formats_adamw_muon
nf4,muon,66,tier2_coverage_17missing_formats_adamw_muon
nf8,adamw,67,tier2_coverage_17missing_formats_adamw_muon
nf8,muon,68,tier2_coverage_17missing_formats_adamw_muon
posit8,adamw,69,tier2_coverage_17missing_formats_adamw_muon
posit8,muon,70,tier2_coverage_17missing_formats_adamw_muon
posit16,adamw,71,tier2_coverage_17missing_formats_adamw_muon
posit16,muon,72,tier2_coverage_17missing_formats_adamw_muon
posit32,adamw,73,tier2_coverage_17missing_formats_adamw_muon
posit32,muon,74,tier2_coverage_17missing_formats_adamw_muon
posit64,adamw,75,tier2_coverage_17missing_formats_adamw_muon
posit64,muon,76,tier2_coverage_17missing_formats_adamw_muon
lns8,adamw,77,tier2_coverage_17missing_formats_adamw_muon
lns8,muon,78,tier2_coverage_17missing_formats_adamw_muon
mxfp4,adamw,79,tier2_coverage_17missing_formats_adamw_muon
mxfp4,muon,80,tier2_coverage_17missing_formats_adamw_muon
mxfp6,adamw,81,tier2_coverage_17missing_formats_adamw_muon
mxfp6,muon,82,tier2_coverage_17missing_formats_adamw_muon
mxfp8,adamw,83,tier2_coverage_17missing_formats_adamw_muon
mxfp8,muon,84,tier2_coverage_17missing_formats_adamw_muon
gf16,soap,85,tier2_golden_format_soap_after_kappa
bf16,sgdm,86,tier2_16bit_class_thesis_anchor
bf16,lion,87,tier2_16bit_class_thesis_anchor
bf16,adafactor,88,tier2_16bit_class_thesis_anchor
bf16,lamb,89,tier2_16bit_class_thesis_anchor
bf16,schedulefree,90,tier2_16bit_class_thesis_anchor
bf16,rmsprop,91,tier2_16bit_class_thesis_anchor
bf16,soap,92,tier2_16bit_class_thesis_anchor
fp16,sgdm,93,tier2_16bit_class_thesis_anchor
fp16,lion,94,tier2_16bit_class_thesis_anchor
fp16,adafactor,95,tier2_16bit_class_thesis_anchor
fp16,lamb,96,tier2_16bit_class_thesis_anchor
fp16,schedulefree,97,tier2_16bit_class_thesis_anchor
fp16,rmsprop,98,tier2_16bit_class_thesis_anchor
fp16,soap,99,tier2_16bit_class_thesis_anchor
gf4,sgdm,100,tier2_golden_family_full_algo_coverage
gf4,lion,101,tier2_golden_family_full_algo_coverage
gf4,adafactor,102,tier2_golden_family_full_algo_coverage
gf4,lamb,103,tier2_golden_family_full_algo_coverage
gf4,schedulefree,104,tier2_golden_family_full_algo_coverage
gf4,rmsprop,105,tier2_golden_family_full_algo_coverage
gf4,soap,106,tier2_golden_family_full_algo_coverage
gf8,sgdm,107,tier2_golden_family_full_algo_coverage
gf8,lion,108,tier2_golden_family_full_algo_coverage
gf8,adafactor,109,tier2_golden_family_full_algo_coverage
gf8,lamb,110,tier2_golden_family_full_algo_coverage
gf8,schedulefree,111,tier2_golden_family_full_algo_coverage
gf8,rmsprop,112,tier2_golden_family_full_algo_coverage
gf8,soap,113,tier2_golden_family_full_algo_coverage
gf12,sgdm,114,tier2_golden_family_full_algo_coverage
gf12,lion,115,tier2_golden_family_full_algo_coverage
gf12,adafactor,116,tier2_golden_family_full_algo_coverage
gf12,lamb,117,tier2_golden_family_full_algo_coverage
gf12,schedulefree,118,tier2_golden_family_full_algo_coverage
gf12,rmsprop,119,tier2_golden_family_full_algo_coverage
gf12,soap,120,tier2_golden_family_full_algo_coverage
gf20,sgdm,121,tier2_golden_family_full_algo_coverage
gf20,lion,122,tier2_golden_family_full_algo_coverage
gf20,adafactor,123,tier2_golden_family_full_algo_coverage
gf20,lamb,124,tier2_golden_family_full_algo_coverage
gf20,schedulefree,125,tier2_golden_family_full_algo_coverage
gf20,rmsprop,126,tier2_golden_family_full_algo_coverage
gf20,soap,127,tier2_golden_family_full_algo_coverage
gf24,sgdm,128,tier2_golden_family_full_algo_coverage
gf24,lion,129,tier2_golden_family_full_algo_coverage
gf24,adafactor,130,tier2_golden_family_full_algo_coverage
gf24,lamb,131,tier2_golden_family_full_algo_coverage
gf24,schedulefree,132,tier2_golden_family_full_algo_coverage
gf24,rmsprop,133,tier2_golden_family_full_algo_coverage
gf24,soap,134,tier2_golden_family_full_algo_coverage
gf32,sgdm,135,tier2_golden_family_full_algo_coverage
gf32,lion,136,tier2_golden_family_full_algo_coverage
gf32,adafactor,137,tier2_golden_family_full_algo_coverage
gf32,lamb,138,tier2_golden_family_full_algo_coverage
gf32,schedulefree,139,tier2_golden_family_full_algo_coverage
gf32,rmsprop,140,tier2_golden_family_full_algo_coverage
gf32,soap,141,tier2_golden_family_full_algo_coverage
gf64,sgdm,142,tier2_golden_family_full_algo_coverage
gf64,lion,143,tier2_golden_family_full_algo_coverage
gf64,adafactor,144,tier2_golden_family_full_algo_coverage
gf64,lamb,145,tier2_golden_family_full_algo_coverage
gf64,schedulefree,146,tier2_golden_family_full_algo_coverage
gf64,rmsprop,147,tier2_golden_family_full_algo_coverage
gf64,soap,148,tier2_golden_family_full_algo_coverage
tf32,sgdm,149,tier2_thesis_anchor_optimizer_diversity
tf32,lion,150,tier2_thesis_anchor_optimizer_diversity
