format,algo,min_bpb_neon,n_rows_git,distinct_seeds_git,distinct_sha_git,max_step_git,synthetic_flag_R7,reason
f32,adamw,6.0005,1,1,1,3000,1,n_rows=1<3;distinct_seeds=1<2
f32,muon,6.9223,1,1,1,3000,1,n_rows=1<3;distinct_seeds=1<2
f32,sgdm,7.0004,1,1,1,3000,1,n_rows=1<3;distinct_seeds=1<2
f32,lion,7.0004,1,1,1,3000,1,n_rows=1<3;distinct_seeds=1<2
f32,adafactor,7.0004,0,0,0,0,1,n_rows=0<3;distinct_seeds=0<2;max_step=0<3000
f32,lamb,6.7362,0,0,0,0,1,n_rows=0<3;distinct_seeds=0<2;max_step=0<3000
f32,schedulefree,7.0004,0,0,0,0,1,n_rows=0<3;distinct_seeds=0<2;max_step=0<3000
f32,rmsprop,7.0004,0,0,0,0,1,n_rows=0<3;distinct_seeds=0<2;max_step=0<3000
f64,adamw,7.0004,0,0,0,0,1,n_rows=0<3;distinct_seeds=0<2;max_step=0<3000
f64,muon,6.9223,0,0,0,0,1,n_rows=0<3;distinct_seeds=0<2;max_step=0<3000
f64,sgdm,7.0004,0,0,0,0,1,n_rows=0<3;distinct_seeds=0<2;max_step=0<3000
f64,lion,7.0004,0,0,0,0,1,n_rows=0<3;distinct_seeds=0<2;max_step=0<3000
f64,adafactor,7.0004,0,0,0,0,1,n_rows=0<3;distinct_seeds=0<2;max_step=0<3000
f64,lamb,6.7362,0,0,0,0,1,n_rows=0<3;distinct_seeds=0<2;max_step=0<3000
f64,schedulefree,7.0004,0,0,0,0,1,n_rows=0<3;distinct_seeds=0<2;max_step=0<3000
f64,rmsprop,7.0004,0,0,0,0,1,n_rows=0<3;distinct_seeds=0<2;max_step=0<3000
fp16,adamw,7.0004,1,1,1,3000,1,n_rows=1<3;distinct_seeds=1<2
fp16,muon,6.9222,1,1,1,3000,1,n_rows=1<3;distinct_seeds=1<2
fp16,sgdm,7.0004,1,1,1,3000,1,n_rows=1<3;distinct_seeds=1<2
fp16,lion,7.0004,1,1,1,3000,1,n_rows=1<3;distinct_seeds=1<2
fp16,adafactor,7.0004,0,0,0,0,1,n_rows=0<3;distinct_seeds=0<2;max_step=0<3000
fp16,lamb,6.7343,0,0,0,0,1,n_rows=0<3;distinct_seeds=0<2;max_step=0<3000
fp16,schedulefree,7.0004,0,0,0,0,1,n_rows=0<3;distinct_seeds=0<2;max_step=0<3000
fp16,rmsprop,7.0004,0,0,0,0,1,n_rows=0<3;distinct_seeds=0<2;max_step=0<3000
bf16,adamw,7.0004,1,1,1,3000,1,n_rows=1<3;distinct_seeds=1<2
bf16,muon,6.9261,1,1,1,3000,1,n_rows=1<3;distinct_seeds=1<2
bf16,sgdm,7.0004,1,1,1,3000,1,n_rows=1<3;distinct_seeds=1<2
bf16,lion,7.0004,1,1,1,3000,1,n_rows=1<3;distinct_seeds=1<2
bf16,adafactor,7.0004,0,0,0,0,1,n_rows=0<3;distinct_seeds=0<2;max_step=0<3000
bf16,lamb,6.9035,0,0,0,0,1,n_rows=0<3;distinct_seeds=0<2;max_step=0<3000
bf16,schedulefree,7.0004,0,0,0,0,1,n_rows=0<3;distinct_seeds=0<2;max_step=0<3000
bf16,rmsprop,7.0004,0,0,0,0,1,n_rows=0<3;distinct_seeds=0<2;max_step=0<3000
tf32,adamw,7.0004,0,0,0,0,1,n_rows=0<3;distinct_seeds=0<2;max_step=0<3000
tf32,muon,6.9222,0,0,0,0,1,n_rows=0<3;distinct_seeds=0<2;max_step=0<3000
tf32,sgdm,7.0004,0,0,0,0,1,n_rows=0<3;distinct_seeds=0<2;max_step=0<3000
tf32,lion,7.0004,0,0,0,0,1,n_rows=0<3;distinct_seeds=0<2;max_step=0<3000
tf32,adafactor,7.0004,0,0,0,0,1,n_rows=0<3;distinct_seeds=0<2;max_step=0<3000
tf32,lamb,6.7343,0,0,0,0,1,n_rows=0<3;distinct_seeds=0<2;max_step=0<3000
tf32,schedulefree,7.0004,0,0,0,0,1,n_rows=0<3;distinct_seeds=0<2;max_step=0<3000
tf32,rmsprop,7.0004,0,0,0,0,1,n_rows=0<3;distinct_seeds=0<2;max_step=0<3000
fp8_e4m3,adamw,6.8495,0,0,0,0,1,n_rows=0<3;distinct_seeds=0<2;max_step=0<3000
fp8_e4m3,muon,7.0003,0,0,0,0,1,n_rows=0<3;distinct_seeds=0<2;max_step=0<3000
fp8_e4m3,sgdm,7.0004,0,0,0,0,1,n_rows=0<3;distinct_seeds=0<2;max_step=0<3000
fp8_e4m3,lion,6.9192,0,0,0,0,1,n_rows=0<3;distinct_seeds=0<2;max_step=0<3000
fp8_e4m3,adafactor,7.0004,0,0,0,0,1,n_rows=0<3;distinct_seeds=0<2;max_step=0<3000
fp8_e4m3,lamb,7.0004,0,0,0,0,1,n_rows=0<3;distinct_seeds=0<2;max_step=0<3000
fp8_e4m3,schedulefree,7.0004,0,0,0,0,1,n_rows=0<3;distinct_seeds=0<2;max_step=0<3000
fp8_e4m3,rmsprop,6.8736,0,0,0,0,1,n_rows=0<3;distinct_seeds=0<2;max_step=0<3000
fp8_e5m2,adamw,6.9637,0,0,0,0,1,n_rows=0<3;distinct_seeds=0<2;max_step=0<3000
fp8_e5m2,muon,7.0003,0,0,0,0,1,n_rows=0<3;distinct_seeds=0<2;max_step=0<3000
fp8_e5m2,sgdm,6.9985,0,0,0,0,1,n_rows=0<3;distinct_seeds=0<2;max_step=0<3000
fp8_e5m2,lion,6.9725,0,0,0,0,1,n_rows=0<3;distinct_seeds=0<2;max_step=0<3000
fp8_e5m2,adafactor,7.0004,0,0,0,0,1,n_rows=0<3;distinct_seeds=0<2;max_step=0<3000
fp8_e5m2,lamb,7.0003,0,0,0,0,1,n_rows=0<3;distinct_seeds=0<2;max_step=0<3000
fp8_e5m2,schedulefree,7.0004,0,0,0,0,1,n_rows=0<3;distinct_seeds=0<2;max_step=0<3000
fp8_e5m2,rmsprop,6.6837,0,0,0,0,1,n_rows=0<3;distinct_seeds=0<2;max_step=0<3000
fp6_e2m3,adamw,6.8495,0,0,0,0,1,n_rows=0<3;distinct_seeds=0<2;max_step=0<3000
fp6_e2m3,muon,7.0003,0,0,0,0,1,n_rows=0<3;distinct_seeds=0<2;max_step=0<3000
fp6_e2m3,sgdm,7.0004,0,0,0,0,1,n_rows=0<3;distinct_seeds=0<2;max_step=0<3000
fp6_e2m3,lion,6.9192,0,0,0,0,1,n_rows=0<3;distinct_seeds=0<2;max_step=0<3000
fp6_e2m3,adafactor,7.0004,0,0,0,0,1,n_rows=0<3;distinct_seeds=0<2;max_step=0<3000
fp6_e2m3,lamb,7.0004,0,0,0,0,1,n_rows=0<3;distinct_seeds=0<2;max_step=0<3000
fp6_e2m3,schedulefree,7.0004,0,0,0,0,1,n_rows=0<3;distinct_seeds=0<2;max_step=0<3000
fp6_e2m3,rmsprop,6.8736,0,0,0,0,1,n_rows=0<3;distinct_seeds=0<2;max_step=0<3000
fp6_e3m2,adamw,6.9637,0,0,0,0,1,n_rows=0<3;distinct_seeds=0<2;max_step=0<3000
fp6_e3m2,muon,7.0003,0,0,0,0,1,n_rows=0<3;distinct_seeds=0<2;max_step=0<3000
fp6_e3m2,sgdm,6.9985,0,0,0,0,1,n_rows=0<3;distinct_seeds=0<2;max_step=0<3000
fp6_e3m2,lion,6.9725,0,0,0,0,1,n_rows=0<3;distinct_seeds=0<2;max_step=0<3000
fp6_e3m2,adafactor,7.0004,0,0,0,0,1,n_rows=0<3;distinct_seeds=0<2;max_step=0<3000
fp6_e3m2,lamb,7.0003,0,0,0,0,1,n_rows=0<3;distinct_seeds=0<2;max_step=0<3000
fp6_e3m2,schedulefree,7.0004,0,0,0,0,1,n_rows=0<3;distinct_seeds=0<2;max_step=0<3000
fp6_e3m2,rmsprop,6.6837,0,0,0,0,1,n_rows=0<3;distinct_seeds=0<2;max_step=0<3000
fp4_e2m1,adamw,6.9785,0,0,0,0,1,n_rows=0<3;distinct_seeds=0<2;max_step=0<3000
fp4_e2m1,muon,7.0003,0,0,0,0,1,n_rows=0<3;distinct_seeds=0<2;max_step=0<3000
fp4_e2m1,sgdm,6.9999,0,0,0,0,1,n_rows=0<3;distinct_seeds=0<2;max_step=0<3000
fp4_e2m1,lion,6.9922,0,0,0,0,1,n_rows=0<3;distinct_seeds=0<2;max_step=0<3000
fp4_e2m1,adafactor,7.0003,0,0,0,0,1,n_rows=0<3;distinct_seeds=0<2;max_step=0<3000
fp4_e2m1,lamb,7.0003,0,0,0,0,1,n_rows=0<3;distinct_seeds=0<2;max_step=0<3000
fp4_e2m1,schedulefree,7.0003,0,0,0,0,1,n_rows=0<3;distinct_seeds=0<2;max_step=0<3000
fp4_e2m1,rmsprop,6.6771,0,0,0,0,1,n_rows=0<3;distinct_seeds=0<2;max_step=0<3000
gf4,adamw,6.9637,0,0,0,0,1,n_rows=0<3;distinct_seeds=0<2;max_step=0<3000
gf4,muon,7.0003,0,0,0,0,1,n_rows=0<3;distinct_seeds=0<2;max_step=0<3000
gf4,sgdm,6.9985,0,0,0,0,1,n_rows=0<3;distinct_seeds=0<2;max_step=0<3000
gf4,lion,6.9725,0,0,0,0,1,n_rows=0<3;distinct_seeds=0<2;max_step=0<3000
gf4,adafactor,7.0004,0,0,0,0,1,n_rows=0<3;distinct_seeds=0<2;max_step=0<3000
gf4,lamb,7.0003,0,0,0,0,1,n_rows=0<3;distinct_seeds=0<2;max_step=0<3000
gf4,schedulefree,7.0004,0,0,0,0,1,n_rows=0<3;distinct_seeds=0<2;max_step=0<3000
gf4,rmsprop,6.6837,0,0,0,0,1,n_rows=0<3;distinct_seeds=0<2;max_step=0<3000
gf8,adamw,7.0000,0,0,0,0,1,n_rows=0<3;distinct_seeds=0<2;max_step=0<3000
gf8,muon,7.0000,0,0,0,0,1,n_rows=0<3;distinct_seeds=0<2;max_step=0<3000
gf8,sgdm,7.0000,0,0,0,0,1,n_rows=0<3;distinct_seeds=0<2;max_step=0<3000
gf8,lion,7.0000,0,0,0,0,1,n_rows=0<3;distinct_seeds=0<2;max_step=0<3000
gf8,adafactor,7.0000,0,0,0,0,1,n_rows=0<3;distinct_seeds=0<2;max_step=0<3000
gf8,lamb,7.0000,0,0,0,0,1,n_rows=0<3;distinct_seeds=0<2;max_step=0<3000
gf8,schedulefree,7.0000,0,0,0,0,1,n_rows=0<3;distinct_seeds=0<2;max_step=0<3000
gf8,rmsprop,7.0000,0,0,0,0,1,n_rows=0<3;distinct_seeds=0<2;max_step=0<3000
gf12,adamw,7.0004,0,0,0,0,1,n_rows=0<3;distinct_seeds=0<2;max_step=0<3000
gf12,muon,6.9261,0,0,0,0,1,n_rows=0<3;distinct_seeds=0<2;max_step=0<3000
gf12,sgdm,7.0004,0,0,0,0,1,n_rows=0<3;distinct_seeds=0<2;max_step=0<3000
gf12,lion,7.0004,0,0,0,0,1,n_rows=0<3;distinct_seeds=0<2;max_step=0<3000
gf12,adafactor,7.0004,0,0,0,0,1,n_rows=0<3;distinct_seeds=0<2;max_step=0<3000
gf12,lamb,6.9035,0,0,0,0,1,n_rows=0<3;distinct_seeds=0<2;max_step=0<3000
gf12,schedulefree,7.0004,0,0,0,0,1,n_rows=0<3;distinct_seeds=0<2;max_step=0<3000
gf12,rmsprop,7.0004,0,0,0,0,1,n_rows=0<3;distinct_seeds=0<2;max_step=0<3000
gf16,adamw,7.0004,1,1,1,3000,1,n_rows=1<3;distinct_seeds=1<2
gf16,muon,6.9599,1,1,1,3000,1,n_rows=1<3;distinct_seeds=1<2
gf16,sgdm,7.0004,1,1,1,3000,1,n_rows=1<3;distinct_seeds=1<2
gf16,lion,7.0004,1,1,1,3000,1,n_rows=1<3;distinct_seeds=1<2
gf16,adafactor,7.0004,0,0,0,0,1,n_rows=0<3;distinct_seeds=0<2;max_step=0<3000
gf16,lamb,6.7620,0,0,0,0,1,n_rows=0<3;distinct_seeds=0<2;max_step=0<3000
gf16,schedulefree,7.0004,0,0,0,0,1,n_rows=0<3;distinct_seeds=0<2;max_step=0<3000
gf16,rmsprop,7.0004,0,0,0,0,1,n_rows=0<3;distinct_seeds=0<2;max_step=0<3000
gf20,adamw,7.0004,0,0,0,0,1,n_rows=0<3;distinct_seeds=0<2;max_step=0<3000
gf20,muon,6.9223,0,0,0,0,1,n_rows=0<3;distinct_seeds=0<2;max_step=0<3000
gf20,sgdm,7.0004,0,0,0,0,1,n_rows=0<3;distinct_seeds=0<2;max_step=0<3000
gf20,lion,7.0004,0,0,0,0,1,n_rows=0<3;distinct_seeds=0<2;max_step=0<3000
gf20,adafactor,7.0004,0,0,0,0,1,n_rows=0<3;distinct_seeds=0<2;max_step=0<3000
gf20,lamb,6.7360,0,0,0,0,1,n_rows=0<3;distinct_seeds=0<2;max_step=0<3000
gf20,schedulefree,7.0004,0,0,0,0,1,n_rows=0<3;distinct_seeds=0<2;max_step=0<3000
gf20,rmsprop,7.0004,0,0,0,0,1,n_rows=0<3;distinct_seeds=0<2;max_step=0<3000
gf24,adamw,7.0004,0,0,0,0,1,n_rows=0<3;distinct_seeds=0<2;max_step=0<3000
gf24,muon,6.9222,0,0,0,0,1,n_rows=0<3;distinct_seeds=0<2;max_step=0<3000
gf24,sgdm,7.0004,0,0,0,0,1,n_rows=0<3;distinct_seeds=0<2;max_step=0<3000
gf24,lion,7.0004,0,0,0,0,1,n_rows=0<3;distinct_seeds=0<2;max_step=0<3000
gf24,adafactor,7.0004,0,0,0,0,1,n_rows=0<3;distinct_seeds=0<2;max_step=0<3000
gf24,lamb,6.7363,0,0,0,0,1,n_rows=0<3;distinct_seeds=0<2;max_step=0<3000
gf24,schedulefree,7.0004,0,0,0,0,1,n_rows=0<3;distinct_seeds=0<2;max_step=0<3000
gf24,rmsprop,7.0004,0,0,0,0,1,n_rows=0<3;distinct_seeds=0<2;max_step=0<3000
gf32,adamw,7.0004,0,0,0,0,1,n_rows=0<3;distinct_seeds=0<2;max_step=0<3000
gf32,muon,6.9223,0,0,0,0,1,n_rows=0<3;distinct_seeds=0<2;max_step=0<3000
gf32,sgdm,7.0004,0,0,0,0,1,n_rows=0<3;distinct_seeds=0<2;max_step=0<3000
gf32,lion,7.0004,0,0,0,0,1,n_rows=0<3;distinct_seeds=0<2;max_step=0<3000
gf32,adafactor,7.0004,0,0,0,0,1,n_rows=0<3;distinct_seeds=0<2;max_step=0<3000
gf32,lamb,6.7360,0,0,0,0,1,n_rows=0<3;distinct_seeds=0<2;max_step=0<3000
gf32,schedulefree,7.0004,0,0,0,0,1,n_rows=0<3;distinct_seeds=0<2;max_step=0<3000
gf32,rmsprop,7.0004,0,0,0,0,1,n_rows=0<3;distinct_seeds=0<2;max_step=0<3000
gf64,adamw,7.0004,0,0,0,0,1,n_rows=0<3;distinct_seeds=0<2;max_step=0<3000
gf64,muon,6.9223,0,0,0,0,1,n_rows=0<3;distinct_seeds=0<2;max_step=0<3000
gf64,sgdm,7.0004,0,0,0,0,1,n_rows=0<3;distinct_seeds=0<2;max_step=0<3000
gf64,lion,7.0004,0,0,0,0,1,n_rows=0<3;distinct_seeds=0<2;max_step=0<3000
gf64,adafactor,7.0004,0,0,0,0,1,n_rows=0<3;distinct_seeds=0<2;max_step=0<3000
gf64,lamb,6.7362,0,0,0,0,1,n_rows=0<3;distinct_seeds=0<2;max_step=0<3000
gf64,schedulefree,7.0004,0,0,0,0,1,n_rows=0<3;distinct_seeds=0<2;max_step=0<3000
gf64,rmsprop,7.0004,0,0,0,0,1,n_rows=0<3;distinct_seeds=0<2;max_step=0<3000
int4,adamw,7.0003,0,0,0,0,1,n_rows=0<3;distinct_seeds=0<2;max_step=0<3000
int4,muon,7.0003,0,0,0,0,1,n_rows=0<3;distinct_seeds=0<2;max_step=0<3000
int4,sgdm,7.0003,0,0,0,0,1,n_rows=0<3;distinct_seeds=0<2;max_step=0<3000
int4,lion,7.0003,0,0,0,0,1,n_rows=0<3;distinct_seeds=0<2;max_step=0<3000
int4,adafactor,7.0003,0,0,0,0,1,n_rows=0<3;distinct_seeds=0<2;max_step=0<3000
int4,lamb,7.0003,0,0,0,0,1,n_rows=0<3;distinct_seeds=0<2;max_step=0<3000
int4,schedulefree,7.0003,0,0,0,0,1,n_rows=0<3;distinct_seeds=0<2;max_step=0<3000
int4,rmsprop,7.0003,0,0,0,0,1,n_rows=0<3;distinct_seeds=0<2;max_step=0<3000
int8,adamw,7.0004,1,1,1,3000,1,n_rows=1<3;distinct_seeds=1<2
int8,muon,6.9864,1,1,1,3000,1,n_rows=1<3;distinct_seeds=1<2
int8,sgdm,7.0004,1,1,1,3000,1,n_rows=1<3;distinct_seeds=1<2
int8,lion,7.0004,1,1,1,3000,1,n_rows=1<3;distinct_seeds=1<2
int8,adafactor,7.0004,0,0,0,0,1,n_rows=0<3;distinct_seeds=0<2;max_step=0<3000
int8,lamb,7.0004,0,0,0,0,1,n_rows=0<3;distinct_seeds=0<2;max_step=0<3000
int8,schedulefree,7.0004,0,0,0,0,1,n_rows=0<3;distinct_seeds=0<2;max_step=0<3000
int8,rmsprop,7.0004,0,0,0,0,1,n_rows=0<3;distinct_seeds=0<2;max_step=0<3000
int16,adamw,7.0004,0,0,0,0,1,n_rows=0<3;distinct_seeds=0<2;max_step=0<3000
int16,muon,6.9222,0,0,0,0,1,n_rows=0<3;distinct_seeds=0<2;max_step=0<3000
int16,sgdm,7.0004,0,0,0,0,1,n_rows=0<3;distinct_seeds=0<2;max_step=0<3000
int16,lion,7.0004,0,0,0,0,1,n_rows=0<3;distinct_seeds=0<2;max_step=0<3000
int16,adafactor,7.0004,0,0,0,0,1,n_rows=0<3;distinct_seeds=0<2;max_step=0<3000
int16,lamb,6.7365,0,0,0,0,1,n_rows=0<3;distinct_seeds=0<2;max_step=0<3000
int16,schedulefree,7.0004,0,0,0,0,1,n_rows=0<3;distinct_seeds=0<2;max_step=0<3000
int16,rmsprop,7.0004,0,0,0,0,1,n_rows=0<3;distinct_seeds=0<2;max_step=0<3000
int32,adamw,7.0004,0,0,0,0,1,n_rows=0<3;distinct_seeds=0<2;max_step=0<3000
int32,muon,6.9223,0,0,0,0,1,n_rows=0<3;distinct_seeds=0<2;max_step=0<3000
int32,sgdm,7.0004,0,0,0,0,1,n_rows=0<3;distinct_seeds=0<2;max_step=0<3000
int32,lion,7.0004,0,0,0,0,1,n_rows=0<3;distinct_seeds=0<2;max_step=0<3000
int32,adafactor,7.0004,0,0,0,0,1,n_rows=0<3;distinct_seeds=0<2;max_step=0<3000
int32,lamb,6.7362,0,0,0,0,1,n_rows=0<3;distinct_seeds=0<2;max_step=0<3000
int32,schedulefree,7.0004,0,0,0,0,1,n_rows=0<3;distinct_seeds=0<2;max_step=0<3000
int32,rmsprop,7.0004,0,0,0,0,1,n_rows=0<3;distinct_seeds=0<2;max_step=0<3000
uint8,adamw,6.2915,0,0,0,0,1,n_rows=0<3;distinct_seeds=0<2;max_step=0<3000
uint8,muon,7.0000,0,0,0,0,1,n_rows=0<3;distinct_seeds=0<2;max_step=0<3000
uint8,sgdm,6.9976,0,0,0,0,1,n_rows=0<3;distinct_seeds=0<2;max_step=0<3000
uint8,lion,6.9541,0,0,0,0,1,n_rows=0<3;distinct_seeds=0<2;max_step=0<3000
uint8,adafactor,7.0000,0,0,0,0,1,n_rows=0<3;distinct_seeds=0<2;max_step=0<3000
uint8,lamb,6.4844,0,0,0,0,1,n_rows=0<3;distinct_seeds=0<2;max_step=0<3000
uint8,schedulefree,7.0000,0,0,0,0,1,n_rows=0<3;distinct_seeds=0<2;max_step=0<3000
uint8,rmsprop,7.0000,0,0,0,0,1,n_rows=0<3;distinct_seeds=0<2;max_step=0<3000
nf4,adamw,7.0000,0,0,0,0,1,n_rows=0<3;distinct_seeds=0<2;max_step=0<3000
nf4,muon,7.0000,0,0,0,0,1,n_rows=0<3;distinct_seeds=0<2;max_step=0<3000
nf4,sgdm,7.0000,0,0,0,0,1,n_rows=0<3;distinct_seeds=0<2;max_step=0<3000
nf4,lion,7.0000,0,0,0,0,1,n_rows=0<3;distinct_seeds=0<2;max_step=0<3000
nf4,adafactor,7.0000,0,0,0,0,1,n_rows=0<3;distinct_seeds=0<2;max_step=0<3000
nf4,lamb,7.0000,0,0,0,0,1,n_rows=0<3;distinct_seeds=0<2;max_step=0<3000
nf4,schedulefree,6.9941,0,0,0,0,1,n_rows=0<3;distinct_seeds=0<2;max_step=0<3000
nf4,rmsprop,7.0000,0,0,0,0,1,n_rows=0<3;distinct_seeds=0<2;max_step=0<3000
nf8,adamw,7.0004,0,0,0,0,1,n_rows=0<3;distinct_seeds=0<2;max_step=0<3000
nf8,muon,7.0003,0,0,0,0,1,n_rows=0<3;distinct_seeds=0<2;max_step=0<3000
nf8,sgdm,7.0003,0,0,0,0,1,n_rows=0<3;distinct_seeds=0<2;max_step=0<3000
nf8,lion,7.0003,0,0,0,0,1,n_rows=0<3;distinct_seeds=0<2;max_step=0<3000
nf8,adafactor,7.0004,0,0,0,0,1,n_rows=0<3;distinct_seeds=0<2;max_step=0<3000
nf8,lamb,7.0003,0,0,0,0,1,n_rows=0<3;distinct_seeds=0<2;max_step=0<3000
nf8,schedulefree,7.0004,0,0,0,0,1,n_rows=0<3;distinct_seeds=0<2;max_step=0<3000
nf8,rmsprop,7.0004,0,0,0,0,1,n_rows=0<3;distinct_seeds=0<2;max_step=0<3000
posit8,adamw,6.5775,0,0,0,0,1,n_rows=0<3;distinct_seeds=0<2;max_step=0<3000
posit8,muon,7.0004,0,0,0,0,1,n_rows=0<3;distinct_seeds=0<2;max_step=0<3000
posit8,sgdm,7.0004,0,0,0,0,1,n_rows=0<3;distinct_seeds=0<2;max_step=0<3000
posit8,lion,7.0004,0,0,0,0,1,n_rows=0<3;distinct_seeds=0<2;max_step=0<3000
posit8,adafactor,7.0004,0,0,0,0,1,n_rows=0<3;distinct_seeds=0<2;max_step=0<3000
posit8,lamb,7.0004,0,0,0,0,1,n_rows=0<3;distinct_seeds=0<2;max_step=0<3000
posit8,schedulefree,7.0004,0,0,0,0,1,n_rows=0<3;distinct_seeds=0<2;max_step=0<3000
posit8,rmsprop,7.0004,0,0,0,0,1,n_rows=0<3;distinct_seeds=0<2;max_step=0<3000
posit16,adamw,7.0004,0,0,0,0,1,n_rows=0<3;distinct_seeds=0<2;max_step=0<3000
posit16,muon,6.9222,0,0,0,0,1,n_rows=0<3;distinct_seeds=0<2;max_step=0<3000
posit16,sgdm,7.0004,0,0,0,0,1,n_rows=0<3;distinct_seeds=0<2;max_step=0<3000
posit16,lion,7.0004,0,0,0,0,1,n_rows=0<3;distinct_seeds=0<2;max_step=0<3000
posit16,adafactor,7.0004,0,0,0,0,1,n_rows=0<3;distinct_seeds=0<2;max_step=0<3000
posit16,lamb,6.7343,0,0,0,0,1,n_rows=0<3;distinct_seeds=0<2;max_step=0<3000
posit16,schedulefree,7.0004,0,0,0,0,1,n_rows=0<3;distinct_seeds=0<2;max_step=0<3000
posit16,rmsprop,7.0004,0,0,0,0,1,n_rows=0<3;distinct_seeds=0<2;max_step=0<3000
posit32,adamw,7.0004,0,0,0,0,1,n_rows=0<3;distinct_seeds=0<2;max_step=0<3000
posit32,muon,6.9223,0,0,0,0,1,n_rows=0<3;distinct_seeds=0<2;max_step=0<3000
posit32,sgdm,7.0004,0,0,0,0,1,n_rows=0<3;distinct_seeds=0<2;max_step=0<3000
posit32,lion,7.0004,0,0,0,0,1,n_rows=0<3;distinct_seeds=0<2;max_step=0<3000
posit32,adafactor,7.0004,0,0,0,0,1,n_rows=0<3;distinct_seeds=0<2;max_step=0<3000
posit32,lamb,6.7362,0,0,0,0,1,n_rows=0<3;distinct_seeds=0<2;max_step=0<3000
posit32,schedulefree,7.0004,0,0,0,0,1,n_rows=0<3;distinct_seeds=0<2;max_step=0<3000
posit32,rmsprop,7.0004,0,0,0,0,1,n_rows=0<3;distinct_seeds=0<2;max_step=0<3000
posit64,adamw,7.0004,0,0,0,0,1,n_rows=0<3;distinct_seeds=0<2;max_step=0<3000
posit64,muon,6.9223,0,0,0,0,1,n_rows=0<3;distinct_seeds=0<2;max_step=0<3000
posit64,sgdm,7.0004,0,0,0,0,1,n_rows=0<3;distinct_seeds=0<2;max_step=0<3000
posit64,lion,7.0004,0,0,0,0,1,n_rows=0<3;distinct_seeds=0<2;max_step=0<3000
posit64,adafactor,7.0004,0,0,0,0,1,n_rows=0<3;distinct_seeds=0<2;max_step=0<3000
posit64,lamb,6.7362,0,0,0,0,1,n_rows=0<3;distinct_seeds=0<2;max_step=0<3000
posit64,schedulefree,7.0004,0,0,0,0,1,n_rows=0<3;distinct_seeds=0<2;max_step=0<3000
posit64,rmsprop,7.0004,0,0,0,0,1,n_rows=0<3;distinct_seeds=0<2;max_step=0<3000
lns8,adamw,6.5775,0,0,0,0,1,n_rows=0<3;distinct_seeds=0<2;max_step=0<3000
lns8,muon,7.0004,0,0,0,0,1,n_rows=0<3;distinct_seeds=0<2;max_step=0<3000
lns8,sgdm,7.0004,0,0,0,0,1,n_rows=0<3;distinct_seeds=0<2;max_step=0<3000
lns8,lion,7.0004,0,0,0,0,1,n_rows=0<3;distinct_seeds=0<2;max_step=0<3000
lns8,adafactor,7.0004,0,0,0,0,1,n_rows=0<3;distinct_seeds=0<2;max_step=0<3000
lns8,lamb,7.0004,0,0,0,0,1,n_rows=0<3;distinct_seeds=0<2;max_step=0<3000
lns8,schedulefree,7.0004,0,0,0,0,1,n_rows=0<3;distinct_seeds=0<2;max_step=0<3000
lns8,rmsprop,7.0004,0,0,0,0,1,n_rows=0<3;distinct_seeds=0<2;max_step=0<3000
mxfp4,adamw,6.9785,0,0,0,0,1,n_rows=0<3;distinct_seeds=0<2;max_step=0<3000
mxfp4,muon,7.0003,0,0,0,0,1,n_rows=0<3;distinct_seeds=0<2;max_step=0<3000
mxfp4,sgdm,6.9999,0,0,0,0,1,n_rows=0<3;distinct_seeds=0<2;max_step=0<3000
mxfp4,lion,6.9922,0,0,0,0,1,n_rows=0<3;distinct_seeds=0<2;max_step=0<3000
mxfp4,adafactor,7.0003,0,0,0,0,1,n_rows=0<3;distinct_seeds=0<2;max_step=0<3000
mxfp4,lamb,7.0003,0,0,0,0,1,n_rows=0<3;distinct_seeds=0<2;max_step=0<3000
mxfp4,schedulefree,7.0003,0,0,0,0,1,n_rows=0<3;distinct_seeds=0<2;max_step=0<3000
mxfp4,rmsprop,6.6771,0,0,0,0,1,n_rows=0<3;distinct_seeds=0<2;max_step=0<3000
mxfp6,adamw,6.9637,0,0,0,0,1,n_rows=0<3;distinct_seeds=0<2;max_step=0<3000
mxfp6,muon,7.0003,0,0,0,0,1,n_rows=0<3;distinct_seeds=0<2;max_step=0<3000
mxfp6,sgdm,6.9985,0,0,0,0,1,n_rows=0<3;distinct_seeds=0<2;max_step=0<3000
mxfp6,lion,6.9725,0,0,0,0,1,n_rows=0<3;distinct_seeds=0<2;max_step=0<3000
mxfp6,adafactor,7.0004,0,0,0,0,1,n_rows=0<3;distinct_seeds=0<2;max_step=0<3000
mxfp6,lamb,7.0003,0,0,0,0,1,n_rows=0<3;distinct_seeds=0<2;max_step=0<3000
mxfp6,schedulefree,7.0004,0,0,0,0,1,n_rows=0<3;distinct_seeds=0<2;max_step=0<3000
mxfp6,rmsprop,6.6837,0,0,0,0,1,n_rows=0<3;distinct_seeds=0<2;max_step=0<3000
mxfp8,adamw,6.8495,0,0,0,0,1,n_rows=0<3;distinct_seeds=0<2;max_step=0<3000
mxfp8,muon,7.0003,0,0,0,0,1,n_rows=0<3;distinct_seeds=0<2;max_step=0<3000
mxfp8,sgdm,7.0004,0,0,0,0,1,n_rows=0<3;distinct_seeds=0<2;max_step=0<3000
mxfp8,lion,6.9192,0,0,0,0,1,n_rows=0<3;distinct_seeds=0<2;max_step=0<3000
mxfp8,adafactor,7.0004,0,0,0,0,1,n_rows=0<3;distinct_seeds=0<2;max_step=0<3000
mxfp8,lamb,7.0004,0,0,0,0,1,n_rows=0<3;distinct_seeds=0<2;max_step=0<3000
mxfp8,schedulefree,7.0004,0,0,0,0,1,n_rows=0<3;distinct_seeds=0<2;max_step=0<3000
mxfp8,rmsprop,6.8736,0,0,0,0,1,n_rows=0<3;distinct_seeds=0<2;max_step=0<3000
decimal32,adamw,7.0004,0,0,0,0,1,n_rows=0<3;distinct_seeds=0<2;max_step=0<3000
decimal32,muon,6.9261,0,0,0,0,1,n_rows=0<3;distinct_seeds=0<2;max_step=0<3000
decimal32,sgdm,7.0004,0,0,0,0,1,n_rows=0<3;distinct_seeds=0<2;max_step=0<3000
decimal32,lion,7.0004,0,0,0,0,1,n_rows=0<3;distinct_seeds=0<2;max_step=0<3000
decimal32,adafactor,7.0004,0,0,0,0,1,n_rows=0<3;distinct_seeds=0<2;max_step=0<3000
decimal32,lamb,6.9035,0,0,0,0,1,n_rows=0<3;distinct_seeds=0<2;max_step=0<3000
decimal32,schedulefree,7.0004,0,0,0,0,1,n_rows=0<3;distinct_seeds=0<2;max_step=0<3000
decimal32,rmsprop,7.0004,0,0,0,0,1,n_rows=0<3;distinct_seeds=0<2;max_step=0<3000
decimal64,adamw,7.0004,0,0,0,0,1,n_rows=0<3;distinct_seeds=0<2;max_step=0<3000
decimal64,muon,6.9223,0,0,0,0,1,n_rows=0<3;distinct_seeds=0<2;max_step=0<3000
decimal64,sgdm,7.0004,0,0,0,0,1,n_rows=0<3;distinct_seeds=0<2;max_step=0<3000
decimal64,lion,7.0004,0,0,0,0,1,n_rows=0<3;distinct_seeds=0<2;max_step=0<3000
decimal64,adafactor,7.0004,0,0,0,0,1,n_rows=0<3;distinct_seeds=0<2;max_step=0<3000
decimal64,lamb,6.7362,0,0,0,0,1,n_rows=0<3;distinct_seeds=0<2;max_step=0<3000
decimal64,schedulefree,7.0004,0,0,0,0,1,n_rows=0<3;distinct_seeds=0<2;max_step=0<3000
decimal64,rmsprop,7.0004,0,0,0,0,1,n_rows=0<3;distinct_seeds=0<2;max_step=0<3000
decimal128,adamw,7.0004,0,0,0,0,1,n_rows=0<3;distinct_seeds=0<2;max_step=0<3000
decimal128,muon,6.9223,0,0,0,0,1,n_rows=0<3;distinct_seeds=0<2;max_step=0<3000
decimal128,sgdm,7.0004,0,0,0,0,1,n_rows=0<3;distinct_seeds=0<2;max_step=0<3000
decimal128,lion,7.0004,0,0,0,0,1,n_rows=0<3;distinct_seeds=0<2;max_step=0<3000
decimal128,adafactor,7.0004,0,0,0,0,1,n_rows=0<3;distinct_seeds=0<2;max_step=0<3000
decimal128,lamb,6.7362,0,0,0,0,1,n_rows=0<3;distinct_seeds=0<2;max_step=0<3000
decimal128,schedulefree,7.0004,0,0,0,0,1,n_rows=0<3;distinct_seeds=0<2;max_step=0<3000
decimal128,rmsprop,7.0004,0,0,0,0,1,n_rows=0<3;distinct_seeds=0<2;max_step=0<3000
binary128,adamw,7.0004,0,0,0,0,1,n_rows=0<3;distinct_seeds=0<2;max_step=0<3000
binary128,muon,6.9223,0,0,0,0,1,n_rows=0<3;distinct_seeds=0<2;max_step=0<3000
binary128,sgdm,7.0004,0,0,0,0,1,n_rows=0<3;distinct_seeds=0<2;max_step=0<3000
binary128,lion,7.0004,0,0,0,0,1,n_rows=0<3;distinct_seeds=0<2;max_step=0<3000
binary128,adafactor,7.0004,0,0,0,0,1,n_rows=0<3;distinct_seeds=0<2;max_step=0<3000
binary128,lamb,6.7362,0,0,0,0,1,n_rows=0<3;distinct_seeds=0<2;max_step=0<3000
binary128,schedulefree,7.0004,0,0,0,0,1,n_rows=0<3;distinct_seeds=0<2;max_step=0<3000
binary128,rmsprop,7.0004,0,0,0,0,1,n_rows=0<3;distinct_seeds=0<2;max_step=0<3000
binary256,adamw,7.0004,0,0,0,0,1,n_rows=0<3;distinct_seeds=0<2;max_step=0<3000
binary256,muon,6.9223,0,0,0,0,1,n_rows=0<3;distinct_seeds=0<2;max_step=0<3000
binary256,sgdm,7.0004,0,0,0,0,1,n_rows=0<3;distinct_seeds=0<2;max_step=0<3000
binary256,lion,7.0004,0,0,0,0,1,n_rows=0<3;distinct_seeds=0<2;max_step=0<3000
binary256,adafactor,7.0004,0,0,0,0,1,n_rows=0<3;distinct_seeds=0<2;max_step=0<3000
binary256,lamb,6.7362,0,0,0,0,1,n_rows=0<3;distinct_seeds=0<2;max_step=0<3000
binary256,schedulefree,7.0004,0,0,0,0,1,n_rows=0<3;distinct_seeds=0<2;max_step=0<3000
binary256,rmsprop,7.0004,0,0,0,0,1,n_rows=0<3;distinct_seeds=0<2;max_step=0<3000
fp80,adamw,7.0004,0,0,0,0,1,n_rows=0<3;distinct_seeds=0<2;max_step=0<3000
fp80,muon,6.9223,0,0,0,0,1,n_rows=0<3;distinct_seeds=0<2;max_step=0<3000
fp80,sgdm,7.0004,0,0,0,0,1,n_rows=0<3;distinct_seeds=0<2;max_step=0<3000
fp80,lion,7.0004,0,0,0,0,1,n_rows=0<3;distinct_seeds=0<2;max_step=0<3000
fp80,adafactor,7.0004,0,0,0,0,1,n_rows=0<3;distinct_seeds=0<2;max_step=0<3000
fp80,lamb,6.7362,0,0,0,0,1,n_rows=0<3;distinct_seeds=0<2;max_step=0<3000
fp80,schedulefree,7.0004,0,0,0,0,1,n_rows=0<3;distinct_seeds=0<2;max_step=0<3000
fp80,rmsprop,7.0004,0,0,0,0,1,n_rows=0<3;distinct_seeds=0<2;max_step=0<3000
